Workbook
Name Phasenabdeckung: #REF!

Sheet Legende
A1: Aufbau:
A3: Tabellenblatt | B3: Erklärung
A4: Codierbuch | B4: Hier liegt das Codierbuch und zeigt nach welchen Indikatoren die vier Vergleichsdimensionen gemessen werden (Bewertung von 0-2)
A5: Fallübersicht | B5: Hier ist die Fallübersicht. Hier werden die jeweiligen Merkmale je Fall notiert.
A6: Arbeitstabelle | B6: Blatt 3 ist die angewandte Codierung von Blatt 1 auf die ausgewählten Fälle. In der Arbeitstabelle wird zu jeder Codierung eine Belegstelle aus dem Text hinzugefügt. Nach einer Woche wurde ein weiterer Codier-Durchlauf vorgenommen, um mögliche Unstimmigkeiten aus dem ersten Durchlauf zu korrigieren.
A7: Ergebnistabelle | B7: Blatt 4 ist die Ergebnistabelle, hier werden die Inhalte aus der Arbeitstabelle verdichtet und die Werte normiert, um schlussendlich die zu markierenden Koordinaten für die Matrix zu bestimmen.
A10: Vergleichsdimensionen
A12: ID | B12: Dimension | C12: Quelle
A13: D | B13: Datenerhebung | C13: Haraway, Situated Knowledges, 1988; D'Ignazio & Klein, Data Feminism, 2020; D'Ignazio & Klein, Data Feminism for AI, 2024
A14: M | B14: Machtverteilung | C14: D'Ignazio & Klein, Data Feminism, 2020; D'Ignazio & Klein, Data Feminism for AI, 2024
A15: I | B15: Institutionelle Einordnung | C15: Haraway, Situated Knowledges, 1988; D'Ignazio & Klein, Data Feminism, 2020; D'Ignazio & Klein, Data Feminism for AI, 2024
A16: R | B16: Ressourcennutzung | C16: D'Ignazio & Klein, Data Feminism for AI, 2024
A20: Ergänzende Hinweise
A22: Stellvertretende Organisationen gelten nur dann als Betroffene, wenn eine feste Verbindung zwischen der Organisation zu tatsächlichen Betroffenen dokumentiert ist und nicht wenn es eine eigenständige fachliche Organisation mit eigenen Zielen ist.

Sheet Codierbuch
A1: ID | B1: Dimension | C1: Achse | D1: Indikator | E1: 0 | F1: 1 | G1: 2
A2: D1 | B2: Datenerhebung | C2: Y | D2: Herkunft der Kategorien / Label | E2: extern gesetzt | F2: extern gesetzt, nachträglich mit Betroffenen (auch Stellvertreter) abgeglichen | G2: co-konstruiert mit den Betroffenen (auch Stellvertreter)
A3: D2 | B3: Datenerhebung | C3: Y | D3: Rolle der Betroffenen bei der Datenerhebung | E3: Datenquelle/Objekt der Datenerhebung | F3: Betroffene (auch Stellvertreter) wurden konsultiert (bspw. Interviews, Feedbackrunden) | G3: co-produzierend (Annotation, Kuratierung, Co-Autorschaft)
A4: D3 | B4: Datenerhebung | C4: Y | D4: Dokumentation der Datensituierung (ref to "situated knowledges, Haraway 1988) | E4: keine Angaben zu Kontext und Grenzen der Daten | F4: teilweise Nennung (Limitationen) | G4: systematische Dokumentation (Datasheet (Gebru))
A5: M1 | B5: Machtverteilung | C5: Y | D5: Definitionsmacht | E5: Problem- und Kategoriendefinition beim Projektteam | F5: Definitionen von Projektteam und mit Community (auch Stellvertreter) abgeglichen (geteilte Definitionen) | G5: Definitionshoheit bei Betroffenen / bei der Community (auch Stellvertreter)
A6: M2 | B6: Machtverteilung | C6: Y | D6: Prozessmacht | E6: kein Mitbestimmungsrecht oder Veto-Option | F6: Betroffene (auch Stellvertreter) sind konsultierend / unverbindlich eingebunden | G6: Verbindliche Mitentscheidung und Veto-Option
A7: M3 | B7: Machtverteilung | C7: Y | D7: Repräsentationsmacht | E7: Community erscheint nicht als Projektträgerin | F7: Community wird in Nennung / Danksagung genannt | G7: Co-Autor:innen, Co-Trägerschaft des Projekts, Sichtbarkeit als Eigentümer:innen
A8: M4 | B8: Machtverteilung | C8: Y | D8: Artefaktmacht | E8: Daten/Modell/Code liegt ausschließlich beim Projektteam | F8: Daten/Modell/Code ist geteilt oder lizenzoffen ohne Verfügungsrecht | G8: Verfügungsrecht liegt bei der Community
A9: I1 | B9: Institutionelle Einordnung | C9: X | D9: Trägerschaft des Projekts | E9: informell, Einzelprojekt | F9: NGO oder Forschungsverbund | G9: formelle Institution mit Mandat
A10: I2 | B10: Institutionelle Einordnung | C10: X | D10: Verankerung in Abnehmerinstitution | E10: keine (nur Prototyp-Entwicklung ohne Abnehmer) | F10: Pilot- oder Testbetrieb | G10: Regelbetrieb, volle Integration in Arbeitsabläufe
A11: I3 | B11: Institutionelle Einordnung | C11: X | D11: Kontinuität | E11: Laufzeit endet mit Förderperiode | F11: Verlängerung in Aussicht | G11: unbefristete Trägerschaft
A12: R1 | B12: Ressourcennutzung | C12: X | D12: Finanzierungsform | E12: Einmalige Förder(Projekt/Drittmittel) | F12: wiederkehrende Projektmittel | G12: Regelbudget der Trägerinstitution
... A14: R3 | B14: Ressourcennutzung | C14: X | D14: Personelle Tragfähigkeit | E14: ehrenamtlich oder befristet, Einzelpersonen | F14: befristetes Projektteam | G14: festes Personal

Sheet Fallübersicht
A1: Fall-ID | B1: Projektname | C1: Quelle | D1: Verwendung | E1: Erhebungsjahr | F1: abgedeckte Projektphasen | G1: Region | H1: Trägertyp | I1: Notiz
A2: AYM | B2: AymurAI | C2: Marianela Ciolfi Felice, Ivana Feldfeber, Carolina Glasserman Apicella, Yasmín Belén Quiroga, Julián Ansaldo, Luciano Lapenna, Santiago Bezchinsky, Raul Barriga Rubio, and Mailén García. 2025. Doing the Feminist Work in AI: Reflections from an AI Project in Latin America. In Proceedings of the 2025 CHI Conference on Human Factors in Computing Systems (CHI '25). Association for Computing Machinery, New York, NY, USA, Article 998, 1–18. https://doi.org/10.1145/3706598.3713681 | D2: Vergleich | E2: 2025 | F2: Anforderungserhebung, Datenerhebung (nur anonymisierter Datentransfer von Justiz), Datenkuratierung, Labelling,Modellentwicklung, Implementierung, Evaluation, Deployment und Betrieb bei Abnehmer | G2: Globaler Süden (spez. Argentinien) | H2: Transdisziplinär (Aktivist:innen, Justiz, Software Entwickler:innen (fWi) und Akademiker:innen)
A3: SUR | B3: Data against Feminicide | C3: Harini Suresh, Rajiv Movva, Amelia Lee Dogan, Rahul Bhargava, IsadoraCruxên, Ángeles Martinez Cuba, Giulia Taurino, Wonyoung So, and Cather-ine D’Ignazio. 2022. Towards Intersectional Feminist and Participatory ML:A Case Study in Supporting Feminicide Counterdata Collection. In 2022 ACMConference on Fairness, Accountability, and Transparency (FAccT ’22), June21–24, 2022, Seoul, Republic of Korea. ACM, New York, NY, USA, 12 pages. https://doi.org/10.1145/3531146.3533132 | D3: Vergleich | E3: 2022 | F3: Anforderungserhebung, Datenerhebung (hier Fokus), Datenkuratierung, Labelling/Annotation, ML-Modell-Entwicklung (Log. Regression), Implementierung, Evaluation, Deployment und Betrieb bei Abnehmer | G3: Globaler Norden mit teilnehmenden Parteien aus Lateinamerika (GS) | H3: Akademisch-Aktivistisch (MIT Forscher:innen für Abnehmer fem. Aktivist:innen-Gruppen in USA und Lateinamerika (Uruguay und Argentinien)

Sheet Arbeitstabelle
A1: Fall-ID | B1: Status | C1: Dimension | D1: Indikatoren | E1: Indikator-ID | F1: Achse | G1: Wert (1-Mal) | H1: Ankerbegründung | I1: Belegstelle | J1: Belegzitat | K1: Codierungsunsicherheit | L1: Wert (2-Mal) | M1: Abweichung | N1: Endwert
A2: AYM | B2: Vergleich | C2: Datenerhebung | D2: Herkunft der Kategorien / Label | E2: D1 | F2: Y | G2: 0 | H2: Daten stammen von der Justizanstalt selbst und wurden dort eigenständig (anonymisiert) kuratiert und gelabelleld, nachdem sie von Data Genéro explizit dazu geschult wurden. Data Género gilt als Stellvertrer der Betroffenen. | I2: Kapitel 3.2 Ethical considerations, Abs. 1 (p.5) | J2: "To preserve the privacy of individuals mentioned in the rulings, AymurAI was trained exclusively with documents where all the personal data had been changed for fake data by court staff, with the judge’s approval and support, and under the supervision of A4. [...] This means that no member of the project external to the court had access to any real personal data at any time. [...]. The development process did not involve access to or collection of personal data by the team, nor did it involve research with participants" | K2: 0 | L2: 0 | M2: =IF(L2="","",ABS(L2-G2)) -> 0 | N2: =IF(L2<>"",L2,IF(G2<>"",G2,"")) -> 0
A3: AYM | B3: Vergleich | C3: Datenerhebung | D3: Rolle der Betroffenen bei der Datenerhebung | E3: D2 | F3: Y | G3: 0 | H3: Daten stammen aus der Justiz und wurden anonymisiert vor der weiteren Verarbeitung. Es wurden keine Betroffenen direkt befragt oder miteinbezogen. | I3: Kapitel 3.2 Ethical considerations, Abs. 1 (p.5) | J3: The development process did not involve access to or collection of personal data by the team, nor did it involve research with participants. | K3: 0 | L3: 0 | M3: =IF(L3="","",ABS(L3-G3)) -> 0 | N3: =IF(L3<>"",L3,IF(G3<>"",G3,"")) -> 0
A4: AYM | B4: Vergleich | C4: Datenerhebung | D4: Dokumentation der Datensituierung (ref to "situated knowledges, Haraway 1988) | E4: D3 | F4: Y | G4: 1 | H4: Kein Datasheet zu Limitationen aber ausführliche Nennung der Datenschutzpraktiken, -herkunft und -handhabung. | I4: Kapitel 3.2 Ethical considerations, Abs. 1 (p.5) | J4: The court staff are the only ones who have access to real rulings as part of their daily work, as they are those who produce, process, and anonymise them manually before making them available, since 2016. | K4: 1 | L4: 1 | M4: =IF(L4="","",ABS(L4-G4)) -> 0 | N4: =IF(L4<>"",L4,IF(G4<>"",G4,"")) -> 1
A5: AYM | B5: Vergleich | C5: Machtverteilung | D5: Definitionsmacht | E5: M1 | F5: Y | G5: 0 | H5: DataGénero hatte Definitionsmacht, zählt aber nicht als "Betroffene", da eigenständige fachliche Organisation. | I5: Kapitel 3.1 Project chronology | J5: DataGénero identified the need to provide technological support and training to courts so they could open their data securely and efficiently. | K5: 0 | L5: 0 | M5: =IF(L5="","",ABS(L5-G5)) -> 0 | N5: =IF(L5<>"",L5,IF(G5<>"",G5,"")) -> 0
A6: AYM | B6: Vergleich | C6: Machtverteilung | D6: Prozessmacht | E6: M2 | F6: Y | G6: 0 | H6: DataGénero hatte Mitbestimmungsmacht, zählt aber nicht als "Betroffene", da eigenständige fachliche Organisation. | I6: Kapitel 3.1 Project chronology | J6: The process started with interviews and contextual inquiries with A4 to learn about the court’s existing practices, team workshops to establish requirements and constraints, and meetings with Aerolab to refine interaction styles and visual design. In parallel, DataGénero provided training to the developers and data labellers on gender perspectives and the project’s background. | K6: 0 | L6: 0 | M6: =IF(L6="","",ABS(L6-G6)) -> 0 | N6: =IF(L6<>"",L6,IF(G6<>"",G6,"")) -> 0
A7: AYM | B7: Vergleich | C7: Machtverteilung | D7: Repräsentationsmacht | E7: M3 | F7: Y | G7: 0 | H7: Autor:innen des Papers sind Akademiker:innen, DataGenero und die Entwickler:innen. Acknowledgements gehen ausschließlich an Mitarbeitende des Gerichts, den Universitäten und der Förderung. | I7: Acknowledgements | J7: We are deeply thankful to judges Pablo Casas and Antonella Mandolesi, to the Latin American f<A+I>r network, and to Paola Ricaurte in particular. Marianela also thanks Carla Griggio, Rob Comber, Madeline Balaam and the IxD team at KTH for their support and long conversations during the writing of this paper. | K7: 0 | L7: 0 | M7: =IF(L7="","",ABS(L7-G7)) -> 0 | N7: =IF(L7<>"",L7,IF(G7<>"",G7,"")) -> 0
A8: AYM | B8: Vergleich | C8: Machtverteilung | D8: Artefaktmacht | E8: M4 | F8: Y | G8: 1 | H8: AymurAI ist ein Open-Source Tool, welches der Verfügungsmacht des Projektteams unterliegt. | I8: Kapitel 3.1 Project chronology | J8: "The tool is auditable, its code is open, and its models are available." | K8: 0 | L8: 1 | M8: =IF(L8="","",ABS(L8-G8)) -> 0 | N8: =IF(L8<>"",L8,IF(G8<>"",G8,"")) -> 1
A9: AYM | B9: Vergleich | C9: Institutionelle Einordnung | D9: Trägerschaft des Projekts | E9: I1 | F9: X | G9: 2 | H9: NGO und Justizamt mit Mandat gemeinsam mit Akademiker:innen | I9: Kapitel 1 Introduction | J9: AymurAI is a transdisciplinary project that combines actors from activism, the judiciary, software development, and academic research. | K9: 0 | L9: 2 | M9: =IF(L9="","",ABS(L9-G9)) -> 0 | N9: =IF(L9<>"",L9,IF(G9<>"",G9,"")) -> 2
A10: AYM | B10: Vergleich | C10: Institutionelle Einordnung | D10: Verankerung in Abnehmerinstitution | E10: I2 | F10: X | G10: 2 | H10: AymurAI wurde von der Argentinischen Justiz übernommen und auf deren eigenen Servern implementiert. | I10: Kapitel 3.2 Ethical considerations, Abs. 1 (p.5) | J10: AymurAI is a desktop application, designed to be installed directly on the servers of the Judicial Council (as all judicial applications are in Argentina, securely, centrally, and monitored by the Council’s cybersecurity team). | K10: 0 | L10: 2 | M10: =IF(L10="","",ABS(L10-G10)) -> 0 | N10: =IF(L10<>"",L10,IF(G10<>"",G10,"")) -> 2
A11: AYM | B11: Vergleich | C11: Institutionelle Einordnung | D11: Kontinuität | E11: I3 | F11: X | G11: 2 | H11: Projekt wird weitergeführt, das System AymurAI selbst wurde übernommen und implementiert. Das Open Source System kann frei weiter entwickelt werden. | I11: Kapitel 1 Introduction (S.2) / Kapitel 7 Conclusions (S.15) | J11: „The authors of this paper are part of the ongoing AymurAI project“ / „an existing, functioning, ongoing example of feminist approaches to AI development“ | K11: 0 | L11: 2 | M11: =IF(L11="","",ABS(L11-G11)) -> 0 | N11: =IF(L11<>"",L11,IF(G11<>"",G11,"")) -> 2
A12: AYM | B12: Vergleich | C12: Ressourcennutzung | D12: Finanzierungsform | E12: R1 | F12: X | G12: 0 | H12: Das Projekt wurde durch das A+ Förderprogramm unterstützt. | I12: Kapitel 3.1 Project chronology | J12: In turn, the NGO partnered with an HCI researcher (A1) in the frame of the <A+> alliance’s pilot programme in 2022. | K12: 0 | L12: 0 | M12: =IF(L12="","",ABS(L12-G12)) -> 0 | N12: =IF(L12<>"",L12,IF(G12<>"",G12,"")) -> 0
A13: AYM | B13: Vergleich | C13: Ressourcennutzung | D13: Technische Abhängigkeit | E13: R2 | F13: X | G13: 1 | H13: Es wurde ein eigenständiges System entwickelt, worin jedoch die Postprocessing-Komponente das Google Universal Sentence Encoder Multilingual QA Modell verwendet. | I13: Kapitel 3.3 Technical implementation, Abs. 1 | J13: "For the latter, Google’s Universal Sentence Encoder Multilingual QA model is employed, improving accuracy." | K13: 0 | L13: 1 | M13: =IF(L13="","",ABS(L13-G13)) -> 0 | N13: =IF(L13<>"",L13,IF(G13<>"",G13,"")) -> 1
... A26: SUR | B26: Vergleich | C26: Ressourcennutzung | D26: Technische Abhängigkeit | E26: R2 | F26: X | G26: 1 | H26: Es wurde ein Logistisches Regressionsmodell verwendet, in welches term frequency-inverse document frequency (TF-IDF) und TensorFlow Universal Sentence Encoder (gleich wie AYM) embedded wurden. Der Sentence Encoder ist ein prä-trainertes Modell, weshalb eine Abhängigkeit entsteht. | I26: Kapitel 5.2 Data Annotation | J26: We acknowledge limitations of both these approaches. Since TF-IDF only relies on word counts, it has trouble disambiguating the victim, perpetrator, and other people mentioned in an article. […] hough the sentence encoder can theoretically distinguish these cases by accounting for interactions between words, it may have other flaws: e.g. (1) it is trained on a very general text distribution, so it may ignore or poorly handle the language specific to our intersectional article set; (2) it condenses each article into a 512-dim embedding vector, which may lose relevant semantics and context. | K26: 0 | L26: 1 | M26: =IF(L26="","",ABS(L26-G26)) -> 0 | N26: =IF(L26<>"",L26,IF(G26<>"",G26,"")) -> 1
A27: SUR | B27: Vergleich | C27: Ressourcennutzung | D27: Personelle Tragfähigkeit | E27: R3 | F27: X | G27: 1 | H27: wechselnde Teilnehmer*innen am Data + Feminism Lab, aber feste Laborleitung durch D'Ignazio. | K27: 1 | L27: 1 | M27: =IF(L27="","",ABS(L27-G27)) -> 0 | N27: =IF(L27<>"",L27,IF(G27<>"",G27,"")) -> 1

Sheet Ergebnistabelle
B1: Datenerhebung
A2: Fall-ID | B2: D1 | C2: D2 | D2: D3 | E2: Summe D
A3: AYM | B3: =IF(COUNTIFS(Arbeitstabelle!$A:$A,$A3,Arbeitstabelle!$E:$E,B$2,Arbeitstabelle!$N:$N,">=0")=0,"fehlt",SUMIFS(Arbeitstabelle!$N:$N,Arbeitstabelle!$A:$A,$A3,Arbeitstabelle!$E:$E,B$2)) -> 0 | C3: =IF(COUNTIFS(Arbeitstabelle!$A:$A,$A3,Arbeitstabelle!$E:$E,C$2,Arbeitstabelle!$N:$N,">=0")=0,"fehlt",SUMIFS(Arbeitstabelle!$N:$N,Arbeitstabelle!$A:$A,$A3,Arbeitstabelle!$E:$E,C$2)) -> 0 | D3: =IF(COUNTIFS(Arbeitstabelle!$A:$A,$A3,Arbeitstabelle!$E:$E,D$2,Arbeitstabelle!$N:$N,">=0")=0,"fehlt",SUMIFS(Arbeitstabelle!$N:$N,Arbeitstabelle!$A:$A,$A3,Arbeitstabelle!$E:$E,D$2)) -> 1 | E3: =SUM(B3:D3) -> 1
A4: SUR | B4: =IF(COUNTIFS(Arbeitstabelle!$A:$A,$A4,Arbeitstabelle!$E:$E,B$2,Arbeitstabelle!$N:$N,">=0")=0,"fehlt",SUMIFS(Arbeitstabelle!$N:$N,Arbeitstabelle!$A:$A,$A4,Arbeitstabelle!$E:$E,B$2)) -> 2 | C4: =IF(COUNTIFS(Arbeitstabelle!$A:$A,$A4,Arbeitstabelle!$E:$E,C$2,Arbeitstabelle!$N:$N,">=0")=0,"fehlt",SUMIFS(Arbeitstabelle!$N:$N,Arbeitstabelle!$A:$A,$A4,Arbeitstabelle!$E:$E,C$2)) -> 2 | D4: =IF(COUNTIFS(Arbeitstabelle!$A:$A,$A4,Arbeitstabelle!$E:$E,D$2,Arbeitstabelle!$N:$N,">=0")=0,"fehlt",SUMIFS(Arbeitstabelle!$N:$N,Arbeitstabelle!$A:$A,$A4,Arbeitstabelle!$E:$E,D$2)) -> 1 | E4: =SUM(B4:D4) -> 5
B6: Machtverteilung
A7: Fall-ID | B7: M1 | C7: M2 | D7: M3 | E7: M4 | F7: Summe M
A8: AYM | B8: =IF(COUNTIFS(Arbeitstabelle!$A:$A,$A3,Arbeitstabelle!$E:$E,B$7,Arbeitstabelle!$N:$N,">=0")=0,"fehlt",SUMIFS(Arbeitstabelle!$N:$N,Arbeitstabelle!$A:$A,$A3,Arbeitstabelle!$E:$E,B$7)) -> 0 | C8: =IF(COUNTIFS(Arbeitstabelle!$A:$A,$A3,Arbeitstabelle!$E:$E,C$7,Arbeitstabelle!$N:$N,">=0")=0,"fehlt",SUMIFS(Arbeitstabelle!$N:$N,Arbeitstabelle!$A:$A,$A3,Arbeitstabelle!$E:$E,C$7)) -> 0 | D8: =IF(COUNTIFS(Arbeitstabelle!$A:$A,$A3,Arbeitstabelle!$E:$E,D$7,Arbeitstabelle!$N:$N,">=0")=0,"fehlt",SUMIFS(Arbeitstabelle!$N:$N,Arbeitstabelle!$A:$A,$A3,Arbeitstabelle!$E:$E,D$7)) -> 0 | E8: =IF(COUNTIFS(Arbeitstabelle!$A:$A,$A3,Arbeitstabelle!$E:$E,E$7,Arbeitstabelle!$N:$N,">=0")=0,"fehlt",SUMIFS(Arbeitstabelle!$N:$N,Arbeitstabelle!$A:$A,$A3,Arbeitstabelle!$E:$E,E$7)) -> 1 | F8: =SUM(B8:E8) -> 1
A9: SUR | B9: =IF(COUNTIFS(Arbeitstabelle!$A:$A,$A4,Arbeitstabelle!$E:$E,B$7,Arbeitstabelle!$N:$N,">=0")=0,"fehlt",SUMIFS(Arbeitstabelle!$N:$N,Arbeitstabelle!$A:$A,$A4,Arbeitstabelle!$E:$E,B$7)) -> 2 | C9: =IF(COUNTIFS(Arbeitstabelle!$A:$A,$A4,Arbeitstabelle!$E:$E,C$7,Arbeitstabelle!$N:$N,">=0")=0,"fehlt",SUMIFS(Arbeitstabelle!$N:$N,Arbeitstabelle!$A:$A,$A4,Arbeitstabelle!$E:$E,C$7)) -> 2 | D9: =IF(COUNTIFS(Arbeitstabelle!$A:$A,$A4,Arbeitstabelle!$E:$E,D$7,Arbeitstabelle!$N:$N,">=0")=0,"fehlt",SUMIFS(Arbeitstabelle!$N:$N,Arbeitstabelle!$A:$A,$A4,Arbeitstabelle!$E:$E,D$7)) -> 1 | E9: =IF(COUNTIFS(Arbeitstabelle!$A:$A,$A4,Arbeitstabelle!$E:$E,E$7,Arbeitstabelle!$N:$N,">=0")=0,"fehlt",SUMIFS(Arbeitstabelle!$N:$N,Arbeitstabelle!$A:$A,$A4,Arbeitstabelle!$E:$E,E$7)) -> 1 | F9: =SUM(B9:E9) -> 6
B11: Institutionelle Einordnung
A12: Fall-ID | B12: I1 | C12: I2 | D12: I3 | E12: Summe I
A13: AYM | B13: =IF(COUNTIFS(Arbeitstabelle!$A:$A,$A3,Arbeitstabelle!$E:$E,B$12,Arbeitstabelle!$N:$N,">=0")=0,"fehlt",SUMIFS(Arbeitstabelle!$N:$N,Arbeitstabelle!$A:$A,$A3,Arbeitstabelle!$E:$E,B$12)) -> 2 | C13: =IF(COUNTIFS(Arbeitstabelle!$A:$A,$A3,Arbeitstabelle!$E:$E,C$12,Arbeitstabelle!$N:$N,">=0")=0,"fehlt",SUMIFS(Arbeitstabelle!$N:$N,Arbeitstabelle!$A:$A,$A3,Arbeitstabelle!$E:$E,C$12)) -> 2 | D13: =IF(COUNTIFS(Arbeitstabelle!$A:$A,$A3,Arbeitstabelle!$E:$E,D$12,Arbeitstabelle!$N:$N,">=0")=0,"fehlt",SUMIFS(Arbeitstabelle!$N:$N,Arbeitstabelle!$A:$A,$A3,Arbeitstabelle!$E:$E,D$12)) -> 2 | E13: =SUM(B13:D13) -> 6
A14: SUR | B14: =IF(COUNTIFS(Arbeitstabelle!$A:$A,$A4,Arbeitstabelle!$E:$E,B$12,Arbeitstabelle!$N:$N,">=0")=0,"fehlt",SUMIFS(Arbeitstabelle!$N:$N,Arbeitstabelle!$A:$A,$A4,Arbeitstabelle!$E:$E,B$12)) -> 1 | C14: =IF(COUNTIFS(Arbeitstabelle!$A:$A,$A4,Arbeitstabelle!$E:$E,C$12,Arbeitstabelle!$N:$N,">=0")=0,"fehlt",SUMIFS(Arbeitstabelle!$N:$N,Arbeitstabelle!$A:$A,$A4,Arbeitstabelle!$E:$E,C$12)) -> 1 | D14: =IF(COUNTIFS(Arbeitstabelle!$A:$A,$A4,Arbeitstabelle!$E:$E,D$12,Arbeitstabelle!$N:$N,">=0")=0,"fehlt",SUMIFS(Arbeitstabelle!$N:$N,Arbeitstabelle!$A:$A,$A4,Arbeitstabelle!$E:$E,D$12)) -> 2 | E14: =SUM(B14:D14) -> 4
B16: Ressourcennutzung
A17: Fall-ID | B17: R1 | C17: R2 | D17: R3 | E17: Summe R
A18: AYM | B18: =IF(COUNTIFS(Arbeitstabelle!$A:$A,$A3,Arbeitstabelle!$E:$E,B$17,Arbeitstabelle!$N:$N,">=0")=0,"fehlt",SUMIFS(Arbeitstabelle!$N:$N,Arbeitstabelle!$A:$A,$A3,Arbeitstabelle!$E:$E,B$17)) -> 0 | C18: =IF(COUNTIFS(Arbeitstabelle!$A:$A,$A3,Arbeitstabelle!$E:$E,C$17,Arbeitstabelle!$N:$N,">=0")=0,"fehlt",SUMIFS(Arbeitstabelle!$N:$N,Arbeitstabelle!$A:$A,$A3,Arbeitstabelle!$E:$E,C$17)) -> 1 | D18: =IF(COUNTIFS(Arbeitstabelle!$A:$A,$A3,Arbeitstabelle!$E:$E,D$17,Arbeitstabelle!$N:$N,">=0")=0,"fehlt",SUMIFS(Arbeitstabelle!$N:$N,Arbeitstabelle!$A:$A,$A3,Arbeitstabelle!$E:$E,D$17)) -> 1 | E18: =SUM(B18:D18) -> 2
A19: SUR | B19: =IF(COUNTIFS(Arbeitstabelle!$A:$A,$A4,Arbeitstabelle!$E:$E,B$17,Arbeitstabelle!$N:$N,">=0")=0,"fehlt",SUMIFS(Arbeitstabelle!$N:$N,Arbeitstabelle!$A:$A,$A4,Arbeitstabelle!$E:$E,B$17)) -> 1 | C19: =IF(COUNTIFS(Arbeitstabelle!$A:$A,$A4,Arbeitstabelle!$E:$E,C$17,Arbeitstabelle!$N:$N,">=0")=0,"fehlt",SUMIFS(Arbeitstabelle!$N:$N,Arbeitstabelle!$A:$A,$A4,Arbeitstabelle!$E:$E,C$17)) -> 1 | D19: =IF(COUNTIFS(Arbeitstabelle!$A:$A,$A4,Arbeitstabelle!$E:$E,D$17,Arbeitstabelle!$N:$N,">=0")=0,"fehlt",SUMIFS(Arbeitstabelle!$N:$N,Arbeitstabelle!$A:$A,$A4,Arbeitstabelle!$E:$E,D$17)) -> 1 | E19: =SUM(B19:D19) -> 3
B21: Normierung (0-1)
A22: Fall-ID | B22: D | C22: M | D22: I | E22: R
A23: AYM | B23: =ROUND(E3/6,2) -> 0.17 | C23: =ROUND(F8/8,2) -> 0.13 | D23: =ROUND(E13/6,2) -> 1 | E23: =ROUND(E18/6,2) -> 0.33
A24: SUR | B24: =ROUND(E4/6,2) -> 0.83 | C24: =ROUND(F9/8,2) -> 0.75 | D24: =ROUND(E14/6,2) -> 0.67 | E24: =ROUND(E19/6,2) -> 0.5
B26: Achsen und Quadranten (Matrix)
A27: Fall-ID | B27: Y-Index | C27: X-Index | D27: Y-Quadrant | E27: X-Quadrant
A28: AYM | B28: =AVERAGE(B23:C23) -> 0.15 | C28: =AVERAGE(D23:E23) -> 0.665 | D28: =IF(B28>=0.5,"hoch","niedrig") -> niedrig | E28: =IF(C28>=0.5,"hoch","niedrig") -> hoch
A29: SUR | B29: =AVERAGE(B24:C24) -> 0.79 | C29: =AVERAGE(D24:E24) -> 0.585 | D29: =IF(B29>=0.5,"hoch","niedrig") -> hoch | E29: =IF(C29>=0.5,"hoch","niedrig") -> hoch
